<?xml version="1.0" encoding="UTF-8"?>
<metadata xml:lang="es"><Esri><CreaDate>20220922</CreaDate><CreaTime>17391900</CreaTime><ArcGISFormat>1.0</ArcGISFormat><SyncOnce>FALSE</SyncOnce><DataProperties><itemProps><itemName Sync="TRUE">bdcenepred.informacion_complementa.zonas_riesgo_no_mitigables</itemName><imsContentType Sync="TRUE">002</imsContentType><itemSize Sync="TRUE">0.000</itemSize><itemLocation><linkage Sync="TRUE">Server=192.168.2.46; Service=sde:postgresql:192.168.2.46,5433; Database=bdcenepred; User=informacion_complementa; Version=sde.DEFAULT</linkage><protocol Sync="TRUE">ArcSDE Connection</protocol></itemLocation></itemProps><coordRef><type Sync="TRUE">Geographic</type><geogcsn Sync="TRUE">GCS_WGS_1984</geogcsn><csUnits Sync="TRUE">Angular Unit: Degree (0.017453)</csUnits><peXml Sync="TRUE">&lt;GeographicCoordinateSystem xsi:type='typens:GeographicCoordinateSystem' xmlns:xsi='http://www.w3.org/2001/XMLSchema-instance' xmlns:xs='http://www.w3.org/2001/XMLSchema' xmlns:typens='http://www.esri.com/schemas/ArcGIS/10.5'&gt;&lt;WKT&gt;GEOGCS[&amp;quot;GCS_WGS_1984&amp;quot;,DATUM[&amp;quot;D_WGS_1984&amp;quot;,SPHEROID[&amp;quot;WGS_1984&amp;quot;,6378137.0,298.257223563]],PRIMEM[&amp;quot;Greenwich&amp;quot;,0.0],UNIT[&amp;quot;Degree&amp;quot;,0.0174532925199433],AUTHORITY[&amp;quot;EPSG&amp;quot;,4326]]&lt;/WKT&gt;&lt;XOrigin&gt;-400&lt;/XOrigin&gt;&lt;YOrigin&gt;-400&lt;/YOrigin&gt;&lt;XYScale&gt;999999999.99999988&lt;/XYScale&gt;&lt;ZOrigin&gt;-100000&lt;/ZOrigin&gt;&lt;ZScale&gt;10000&lt;/ZScale&gt;&lt;MOrigin&gt;-100000&lt;/MOrigin&gt;&lt;MScale&gt;10000&lt;/MScale&gt;&lt;XYTolerance&gt;8.9831528411952199e-009&lt;/XYTolerance&gt;&lt;ZTolerance&gt;0.001&lt;/ZTolerance&gt;&lt;MTolerance&gt;0.001&lt;/MTolerance&gt;&lt;HighPrecision&gt;true&lt;/HighPrecision&gt;&lt;LeftLongitude&gt;-180&lt;/LeftLongitude&gt;&lt;WKID&gt;4326&lt;/WKID&gt;&lt;LatestWKID&gt;4326&lt;/LatestWKID&gt;&lt;/GeographicCoordinateSystem&gt;</peXml></coordRef><lineage><Process ToolSource="c:\program files (x86)\arcgis\desktop10.5\ArcToolbox\Toolboxes\Data Management Tools.tbx\FeatureToPolygon" Date="20180222" Time="090910">FeatureToPolygon TRAMO_EXTERIOR C:\MEMORANDUMS\SHAPE\Tramo_Exterior.shp # ATTRIBUTES #</Process><Process ToolSource="c:\program files (x86)\arcgis\desktop10.5\ArcToolbox\Toolboxes\Data Management Tools.tbx\AddField" Date="20180223" Time="143700">AddField Area_Intangible_Morococha sdsafd LONG 250 # # siu NON_NULLABLE REQUIRED #</Process><Process ToolSource="c:\program files (x86)\arcgis\desktop10.5\ArcToolbox\Toolboxes\Data Management Tools.tbx\CalculateField" Date="20180227" Time="100143">CalculateField "Areas intangibles" url "http://sigrid.cenepred.gob.pe/sigridv3/storage/biblioteca/4134_img.jpg" VB #</Process><Process ToolSource="c:\program files (x86)\arcgis\desktop10.5\ArcToolbox\Toolboxes\Data Management Tools.tbx\CalculateField" Date="20180227" Time="100233">CalculateField "Areas intangibles" url_img "http://sigrid.cenepred.gob.pe/sigridv3/storage/biblioteca/4134_img.jpg" VB #</Process><Process ToolSource="c:\program files (x86)\arcgis\desktop10.5\ArcToolbox\Toolboxes\Data Management Tools.tbx\CalculateField" Date="20180227" Time="100328">CalculateField "Areas intangibles" url "http://sigrid.cenepred.gob.pe/sigridv3/documento/4134" VB #</Process><Process ToolSource="c:\program files (x86)\arcgis\desktop10.5\ArcToolbox\Toolboxes\Data Management Tools.tbx\CalculateField" Date="20180227" Time="100755">CalculateField "Areas intangibles" fuente_log "CENEPRED" VB #</Process><Process ToolSource="c:\program files (x86)\arcgis\desktop10.5\ArcToolbox\Toolboxes\Data Management Tools.tbx\CalculateField" Date="20180323" Time="163049">CalculateField bdcenepred.informacion_complementaria.zonas_riesgo_no_mitigables condicion "Intangible" VB #</Process><Process ToolSource="c:\program files (x86)\arcgis\desktop10.5\ArcToolbox\Toolboxes\Data Management Tools.tbx\CalculateField" Date="20180323" Time="164015">CalculateField bdcenepred.informacion_complementaria.zonas_riesgo_no_mitigables nom_predio "ZRNM 14 - Río Huaycoloro" VB #</Process><Process ToolSource="c:\program files (x86)\arcgis\desktop10.5\ArcToolbox\Toolboxes\Data Management Tools.tbx\CalculateField" Date="20180323" Time="164043">CalculateField bdcenepred.informacion_complementaria.zonas_riesgo_no_mitigables nom_predio "ZRNM 15 - Río Huaura" VB #</Process><Process ToolSource="c:\program files (x86)\arcgis\desktop10.5\ArcToolbox\Toolboxes\Data Management Tools.tbx\CalculateField" Date="20180323" Time="164108">CalculateField bdcenepred.informacion_complementaria.zonas_riesgo_no_mitigables nom_predio "ZRNM 16 - Río Chillon" VB #</Process><Process ToolSource="c:\program files (x86)\arcgis\desktop10.5\ArcToolbox\Toolboxes\Data Management Tools.tbx\CalculateField" Date="20180323" Time="164153">CalculateField bdcenepred.informacion_complementaria.zonas_riesgo_no_mitigables url "http://sigrid.cenepred.gob.pe/sigridv3/storage/biblioteca/4438_resolucion-ministerial-n0-061-2018-vivienda_ZONA_1_ALCACOTO.pdf" VB #</Process><Process ToolSource="c:\program files (x86)\arcgis\desktop10.5\ArcToolbox\Toolboxes\Data Management Tools.tbx\CalculateField" Date="20180323" Time="164400">CalculateField bdcenepred.informacion_complementaria.zonas_riesgo_no_mitigables url "http://sigrid.cenepred.gob.pe/sigridv3/storage/biblioteca//4438_resolucion-ministerial-n0-061-2018-vivienda_ZONA_15_HUAURA.pdf" VB #</Process><Process ToolSource="c:\program files (x86)\arcgis\desktop10.5\ArcToolbox\Toolboxes\Data Management Tools.tbx\CalculateField" Date="20180323" Time="164433">CalculateField bdcenepred.informacion_complementaria.zonas_riesgo_no_mitigables url "http://sigrid.cenepred.gob.pe/sigridv3/storage/biblioteca//4438_resolucion-ministerial-n0-061-2018-vivienda_ZONA_16_LOS_OLIVOS.pdf" VB #</Process><Process ToolSource="c:\program files (x86)\arcgis\desktop10.5\ArcToolbox\Toolboxes\Data Management Tools.tbx\CalculateField" Date="20180323" Time="164730">CalculateField bdcenepred.informacion_complementaria.zonas_riesgo_no_mitigables url "http://sigrid.cenepred.gob.pe/sigridv3/storage/biblioteca//4438_resolucion-ministerial-n0-061-2018-vivienda_ZONA_17_LOS_PATOS.pdf" VB #</Process><Process ToolSource="c:\program files (x86)\arcgis\desktop10.5\ArcToolbox\Toolboxes\Data Management Tools.tbx\CalculateField" Date="20180323" Time="164809">CalculateField bdcenepred.informacion_complementaria.zonas_riesgo_no_mitigables url "http://sigrid.cenepred.gob.pe/sigridv3/storage/biblioteca//4438_resolucion-ministerial-n0-061-2018-vivienda_ZONA_19_%C3%91A%C3%91A.pdf" VB #</Process><Process ToolSource="c:\program files (x86)\arcgis\desktop10.5\ArcToolbox\Toolboxes\Data Management Tools.tbx\CalculateField" Date="20180323" Time="164850">CalculateField bdcenepred.informacion_complementaria.zonas_riesgo_no_mitigables url "http://sigrid.cenepred.gob.pe/sigridv3/storage/biblioteca//4438_resolucion-ministerial-n0-061-2018-vivienda_ZONA_18_NICOLAS_DE_PIEROLA.pdf" VB #</Process><Process ToolSource="c:\program files (x86)\arcgis\desktop10.5\ArcToolbox\Toolboxes\Data Management Tools.tbx\CalculateField" Date="20180323" Time="165001">CalculateField bdcenepred.informacion_complementaria.zonas_riesgo_no_mitigables url_img "http://sigrid.cenepred.gob.pe/sigridv3/storage/biblioteca/4438_img.jpg" VB #</Process><Process ToolSource="c:\program files (x86)\arcgis\desktop10.5\ArcToolbox\Toolboxes\Data Management Tools.tbx\CalculateField" Date="20180323" Time="165147">CalculateField bdcenepred.informacion_complementaria.zonas_riesgo_no_mitigables observ "Programa Nuestras Ciudades" VB #</Process><Process ToolSource="c:\program files (x86)\arcgis\desktop10.5\ArcToolbox\Toolboxes\Data Management Tools.tbx\CalculateField" Date="20180323" Time="165307">CalculateField bdcenepred.informacion_complementaria.zonas_riesgo_no_mitigables fuente "Resolucion Ministerial N°061-2018-VIVIENDA" VB #</Process><Process ToolSource="c:\program files (x86)\arcgis\desktop10.5\ArcToolbox\Toolboxes\Data Management Tools.tbx\CalculateField" Date="20180323" Time="165342">CalculateField bdcenepred.informacion_complementaria.zonas_riesgo_no_mitigables observ "Programa Nuestras Ciudades"


 VB #</Process><Process ToolSource="c:\program files (x86)\arcgis\desktop10.5\ArcToolbox\Toolboxes\Data Management Tools.tbx\CalculateField" Date="20180405" Time="160654">CalculateField bdcenepred.informacion_complementaria.zonas_riesgo_no_mitigables condicion "ZRNM" VB #</Process><Process ToolSource="c:\program files (x86)\arcgis\desktop10.5\ArcToolbox\Toolboxes\Data Management Tools.tbx\CalculateField" Date="20180405" Time="160800">CalculateField bdcenepred.informacion_complementaria.zonas_riesgo_no_mitigables fuente "R.M. N° 061-2018-VIVIENDA" VB #</Process><Process ToolSource="c:\program files (x86)\arcgis\desktop10.5\ArcToolbox\Toolboxes\Data Management Tools.tbx\CalculateField" Date="20180405" Time="160846">CalculateField bdcenepred.informacion_complementaria.zonas_riesgo_no_mitigables fuente "R.M. N° 095-2018-VIVIENDA" VB #</Process><Process ToolSource="c:\program files (x86)\arcgis\desktop10.5\ArcToolbox\Toolboxes\Data Management Tools.tbx\CalculateField" Date="20180405" Time="160929">CalculateField bdcenepred.informacion_complementaria.zonas_riesgo_no_mitigables fuente "R.M. N° 061-2018-VIVIENDA" VB #</Process><Process ToolSource="c:\program files (x86)\arcgis\desktop10.5\ArcToolbox\Toolboxes\Data Management Tools.tbx\CalculateField" Date="20180405" Time="161006">CalculateField bdcenepred.informacion_complementaria.zonas_riesgo_no_mitigables fuente "R.J. N°024-2018-CENEPRED/J" VB #</Process><Process ToolSource="c:\program files (x86)\arcgis\desktop10.5\ArcToolbox\Toolboxes\Data Management Tools.tbx\CalculateField" Date="20180405" Time="163605">CalculateField bdcenepred.informacion_complementaria.zonas_riesgo_no_mitigables url "http://sigrid.cenepred.gob.pe/sigridv3/storage/biblioteca//4438_resolucion-ministerial-n0-061-2018-vivienda_ZONA_21_PANQUILMA.pdf" VB #</Process><Process ToolSource="c:\program files (x86)\arcgis\desktop10.5\ArcToolbox\Toolboxes\Data Management Tools.tbx\CalculateField" Date="20180405" Time="163635">CalculateField bdcenepred.informacion_complementaria.zonas_riesgo_no_mitigables url "http://sigrid.cenepred.gob.pe/sigridv3/storage/biblioteca//4438_resolucion-ministerial-n0-061-2018-vivienda_ZONA_20_PALERMO.pdf" VB #</Process><Process ToolSource="c:\program files (x86)\arcgis\desktop10.5\ArcToolbox\Toolboxes\Data Management Tools.tbx\CalculateField" Date="20180405" Time="163706">CalculateField bdcenepred.informacion_complementaria.zonas_riesgo_no_mitigables url "http://sigrid.cenepred.gob.pe/sigridv3/storage/biblioteca//4438_resolucion-ministerial-n0-061-2018-vivienda_ZONA_25_SAN_JUAN_DE_LURIGANCHO.pdf" VB #</Process><Process ToolSource="c:\program files (x86)\arcgis\desktop10.5\ArcToolbox\Toolboxes\Data Management Tools.tbx\CalculateField" Date="20180405" Time="163734">CalculateField bdcenepred.informacion_complementaria.zonas_riesgo_no_mitigables url "http://sigrid.cenepred.gob.pe/sigridv3/storage/biblioteca//4438_resolucion-ministerial-n0-061-2018-vivienda_ZONA_24_SAN_IGNACIO.pdf" VB #</Process><Process ToolSource="c:\program files (x86)\arcgis\desktop10.5\ArcToolbox\Toolboxes\Data Management Tools.tbx\CalculateField" Date="20180405" Time="163758">CalculateField bdcenepred.informacion_complementaria.zonas_riesgo_no_mitigables url "http://sigrid.cenepred.gob.pe/sigridv3/storage/biblioteca//4438_resolucion-ministerial-n0-061-2018-vivienda_ZONA_23_PUENTE_PIEDRA.pdf" VB #</Process><Process ToolSource="c:\program files (x86)\arcgis\desktop10.5\ArcToolbox\Toolboxes\Data Management Tools.tbx\CalculateField" Date="20180405" Time="163843">CalculateField bdcenepred.informacion_complementaria.zonas_riesgo_no_mitigables url "http://sigrid.cenepred.gob.pe/sigridv3/storage/biblioteca//4438_resolucion-ministerial-n0-061-2018-vivienda_ZONA_22_PEDREGAL_BAJO.pdf" VB #</Process><Process ToolSource="c:\program files (x86)\arcgis\desktop10.5\ArcToolbox\Toolboxes\Data Management Tools.tbx\CalculateField" Date="20180409" Time="101335">CalculateField bdcenepred.informacion_complementaria.zonas_riesgo_no_mitigables condicion "ZRNM" VB #</Process><Process ToolSource="c:\program files (x86)\arcgis\desktop10.5\ArcToolbox\Toolboxes\Data Management Tools.tbx\CalculateField" Date="20180409" Time="121037">CalculateField bdcenepred.informacion_complementaria.zonas_riesgo_no_mitigables condicion "ZRNM" VB #</Process><Process ToolSource="c:\program files (x86)\arcgis\desktop10.5\ArcToolbox\Toolboxes\Data Management Tools.tbx\CalculateField" Date="20180409" Time="121547">CalculateField bdcenepred.informacion_complementaria.zonas_riesgo_no_mitigables nom_dist "Ricardo Palma" VB #</Process><Process ToolSource="c:\program files (x86)\arcgis\desktop10.5\ArcToolbox\Toolboxes\Data Management Tools.tbx\CalculateField" Date="20180507" Time="175047">CalculateField "Zonas de Riesgo No Mitigables" url1 "abril" VB #</Process><Process ToolSource="c:\program files (x86)\arcgis\desktop10.5\ArcToolbox\Toolboxes\Data Management Tools.tbx\CalculateField" Date="20180507" Time="175210">CalculateField "Zonas de Riesgo No Mitigables" url1 " " VB #</Process><Process ToolSource="c:\program files (x86)\arcgis\desktop10.5\ArcToolbox\Toolboxes\Data Management Tools.tbx\CalculateField" Date="20180507" Time="180619">CalculateField "Zonas de Riesgo No Mitigables" url1 " " VB #</Process><Process ToolSource="c:\program files (x86)\arcgis\desktop10.5\ArcToolbox\Toolboxes\Data Management Tools.tbx\CalculateField" Date="20180507" Time="180626">CalculateField "Zonas de Riesgo No Mitigables" url_img1 " " VB #</Process><Process ToolSource="c:\program files (x86)\arcgis\desktop10.5\ArcToolbox\Toolboxes\Data Management Tools.tbx\CalculateField" Date="20180507" Time="180634">CalculateField "Zonas de Riesgo No Mitigables" url_img1 " " VB #</Process><Process ToolSource="c:\program files (x86)\arcgis\desktop10.5\ArcToolbox\Toolboxes\Data Management Tools.tbx\CalculateField" Date="20180731" Time="122318">CalculateField "Zonas de Riesgo No Mitigables" url "http://sigrid.cenepred.gob.pe/sigridv3/documento/5394" VB #</Process><Process ToolSource="c:\program files (x86)\arcgis\desktop10.5\ArcToolbox\Toolboxes\Data Management Tools.tbx\CalculateField" Date="20180731" Time="122352">CalculateField "Zonas de Riesgo No Mitigables" url "http://sigrid.cenepred.gob.pe/sigridv3/storage/biblioteca//5394_resolucion-ministerial-n0-095-2018-vivienda-zr-31.pdf" VB #</Process><Process ToolSource="c:\program files (x86)\arcgis\desktop10.5\ArcToolbox\Toolboxes\Data Management Tools.tbx\RegisterAsVersioned" Date="20180928" Time="153702">RegisterAsVersioned "Database Connections\RHEL73_sde.sde\bdcenepred.informacion_complementaria.zonas_riesgo_no_mitigables" NO_EDITS_TO_BASE</Process><Process ToolSource="c:\program files (x86)\arcgis\desktop10.5\ArcToolbox\Toolboxes\Data Management Tools.tbx\RegisterAsVersioned" Date="20180928" Time="153751">RegisterAsVersioned "Database Connections\RHEL73_sde.sde\bdcenepred.informacion_complementaria.zonas_riesgo_no_mitigables" EDITS_TO_BASE</Process><Process ToolSource="c:\program files (x86)\arcgis\desktop10.5\ArcToolbox\Toolboxes\Data Management Tools.tbx\CalculateField" Date="20200921" Time="152720">CalculateField "Zonas de Riesgo No Mitigables" url_img1 "" VB #</Process><Process ToolSource="c:\program files (x86)\arcgis\desktop10.5\ArcToolbox\Toolboxes\Data Management Tools.tbx\CalculateField" Date="20200921" Time="152729">CalculateField "Zonas de Riesgo No Mitigables" url1 "" VB #</Process><Process ToolSource="c:\program files (x86)\arcgis\desktop10.5\ArcToolbox\Toolboxes\Data Management Tools.tbx\CalculateField" Date="20210804" Time="121659">CalculateField "Zonas de Riesgo No Mitigables" url "http://sigrid.cenepred.gob.pe/sigridv3/storage/biblioteca//11616_rm-061-2018-vivienda-zrnm-huaycoloro.pdf" VB #</Process><Process ToolSource="c:\program files (x86)\arcgis\desktop10.5\ArcToolbox\Toolboxes\Data Management Tools.tbx\CalculateField" Date="20210804" Time="121737">CalculateField "Zonas de Riesgo No Mitigables" url_img "http://sigrid.cenepred.gob.pe/sigridv3/storage/biblioteca/11616_img.jpg" VB #</Process><Process ToolSource="c:\program files (x86)\arcgis\desktop10.5\ArcToolbox\Toolboxes\Data Management Tools.tbx\CalculateField" Date="20210916" Time="092512">CalculateField "Zonas de Riesgo No Mitigables" url "https://sigrid.cenepred.gob.pe/sigridv3/documento/10811" VB #</Process><Process ToolSource="c:\program files (x86)\arcgis\desktop10.5\ArcToolbox\Toolboxes\Data Management Tools.tbx\CalculateField" Date="20220516" Time="103428">CalculateField "Zonas de Riesgo No Mitigables" nom_dist "Chongoyape" VB #</Process><Process ToolSource="c:\program files (x86)\arcgis\desktop10.5\ArcToolbox\Toolboxes\Data Management Tools.tbx\AddField" Date="20220916" Time="182244">AddField GPL0 ubigeo TEXT # # # # NULLABLE NON_REQUIRED #</Process><Process ToolSource="c:\program files (x86)\arcgis\desktop10.5\ArcToolbox\Toolboxes\Data Management Tools.tbx\AddField" Date="20220916" Time="183146">AddField GPL0 ubigeo TEXT # # # # NULLABLE NON_REQUIRED #</Process><Process ToolSource="c:\program files (x86)\arcgis\desktop10.5\ArcToolbox\Toolboxes\Data Management Tools.tbx\AddField" Date="20220916" Time="185352">AddField GPL0 ubigeo TEXT # # # # NULLABLE NON_REQUIRED #</Process><Process ToolSource="c:\program files (x86)\arcgis\desktop10.5\ArcToolbox\Toolboxes\Data Management Tools.tbx\AddField" Date="20220916" Time="185359">AddField GPL0 departamento TEXT # # # # NULLABLE NON_REQUIRED #</Process><Process ToolSource="c:\program files (x86)\arcgis\desktop10.5\ArcToolbox\Toolboxes\Data Management Tools.tbx\AddField" Date="20220916" Time="185405">AddField GPL0 provincia TEXT # # # # NULLABLE NON_REQUIRED #</Process><Process ToolSource="c:\program files (x86)\arcgis\desktop10.5\ArcToolbox\Toolboxes\Data Management Tools.tbx\AddField" Date="20220916" Time="185412">AddField GPL0 distrito TEXT # # # # NULLABLE NON_REQUIRED #</Process></lineage></DataProperties><SyncDate>20200312</SyncDate><SyncTime>17412700</SyncTime><ModDate>20200312</ModDate><ModTime>17412700</ModTime></Esri><dataIdInfo><envirDesc Sync="TRUE">Microsoft Windows 7 Version 6.1 (Build 7601) Service Pack 1; Esri ArcGIS 10.5.0.6491</envirDesc><dataLang><languageCode value="spa" Sync="TRUE"></languageCode><countryCode value="ESP" Sync="TRUE"></countryCode></dataLang><idCitation><resTitle Sync="TRUE">bdcenepred.informacion_complementa.zonas_riesgo_no_mitigables</resTitle><presForm><PresFormCd value="005" Sync="TRUE"></PresFormCd></presForm></idCitation><spatRpType><SpatRepTypCd value="001" Sync="TRUE"></SpatRepTypCd></spatRpType></dataIdInfo><mdLang><languageCode value="spa" Sync="TRUE"></languageCode><countryCode value="ESP" Sync="TRUE"></countryCode></mdLang><mdChar><CharSetCd value="004" Sync="TRUE"></CharSetCd></mdChar><distInfo><distFormat><formatName Sync="TRUE">SDE Feature Class</formatName></distFormat><distTranOps><transSize Sync="TRUE">0.000</transSize></distTranOps></distInfo><mdHrLv><ScopeCd value="005" Sync="TRUE"></ScopeCd></mdHrLv><mdHrLvName Sync="TRUE">dataset</mdHrLvName><refSysInfo><RefSystem><refSysID><identCode code="4326" Sync="TRUE"></identCode><idCodeSpace Sync="TRUE">EPSG</idCodeSpace><idVersion Sync="TRUE">6.14(3.0.1)</idVersion></refSysID></RefSystem></refSysInfo><spatRepInfo><VectSpatRep><geometObjs Name="bdcenepred.informacion_complementa.zonas_riesgo_no_mitigables"><geoObjTyp><GeoObjTypCd value="002" Sync="TRUE"></GeoObjTypCd></geoObjTyp><geoObjCnt Sync="TRUE">0</geoObjCnt></geometObjs><topLvl><TopoLevCd value="001" Sync="TRUE"></TopoLevCd></topLvl></VectSpatRep></spatRepInfo><spdoinfo><ptvctinf><esriterm Name="bdcenepred.informacion_complementa.zonas_riesgo_no_mitigables"><efeatyp Sync="TRUE">Simple</efeatyp><efeageom code="4" Sync="TRUE"></efeageom><esritopo Sync="TRUE">FALSE</esritopo><efeacnt Sync="TRUE">0</efeacnt><spindex Sync="TRUE">TRUE</spindex><linrefer Sync="TRUE">FALSE</linrefer></esriterm></ptvctinf></spdoinfo><eainfo><detailed Name="bdcenepred.informacion_complementa.zonas_riesgo_no_mitigables"><enttyp><enttypl Sync="TRUE">bdcenepred.informacion_complementa.zonas_riesgo_no_mitigables</enttypl><enttypt Sync="TRUE">Feature Class</enttypt><enttypc Sync="TRUE">0</enttypc></enttyp><attr><attrlabl Sync="TRUE">objectid</attrlabl><attalias Sync="TRUE">FID</attalias><attrtype Sync="TRUE">OID</attrtype><attwidth Sync="TRUE">4</attwidth><atprecis Sync="TRUE">10</atprecis><attscale Sync="TRUE">0</attscale><attrdef Sync="TRUE">Internal feature number.</attrdef><attrdefs Sync="TRUE">Esri</attrdefs><attrdomv><udom Sync="TRUE">Sequential unique whole numbers that are automatically generated.</udom></attrdomv></attr><attr><attrlabl Sync="TRUE">Shape</attrlabl><attalias Sync="TRUE">shape</attalias><attrtype Sync="TRUE">Geometry</attrtype><attwidth Sync="TRUE">4</attwidth><atprecis Sync="TRUE">0</atprecis><attscale Sync="TRUE">0</attscale><attrdef Sync="TRUE">Feature geometry.</attrdef><attrdefs Sync="TRUE">Esri</attrdefs><attrdomv><udom Sync="TRUE">Coordinates defining the features.</udom></attrdomv></attr><attr><attrlabl Sync="TRUE">ubi_dep</attrlabl><attalias Sync="TRUE">ubi_dep</attalias><attrtype Sync="TRUE">String</attrtype><attwidth Sync="TRUE">2</attwidth><atprecis Sync="TRUE">0</atprecis><attscale Sync="TRUE">0</attscale></attr><attr><attrlabl Sync="TRUE">ubi_prov</attrlabl><attalias Sync="TRUE">ubi_prov</attalias><attrtype Sync="TRUE">String</attrtype><attwidth Sync="TRUE">4</attwidth><atprecis Sync="TRUE">0</atprecis><attscale Sync="TRUE">0</attscale></attr><attr><attrlabl Sync="TRUE">ubi_dist</attrlabl><attalias Sync="TRUE">ubi_dist</attalias><attrtype Sync="TRUE">String</attrtype><attwidth Sync="TRUE">6</attwidth><atprecis Sync="TRUE">0</atprecis><attscale Sync="TRUE">0</attscale></attr><attr><attrlabl Sync="TRUE">nom_dep</attrlabl><attalias Sync="TRUE">nom_dep</attalias><attrtype Sync="TRUE">String</attrtype><attwidth Sync="TRUE">50</attwidth><atprecis Sync="TRUE">0</atprecis><attscale Sync="TRUE">0</attscale></attr><attr><attrlabl Sync="TRUE">nom_prov</attrlabl><attalias Sync="TRUE">nom_prov</attalias><attrtype Sync="TRUE">String</attrtype><attwidth Sync="TRUE">50</attwidth><atprecis Sync="TRUE">0</atprecis><attscale Sync="TRUE">0</attscale></attr><attr><attrlabl Sync="TRUE">nom_dist</attrlabl><attalias Sync="TRUE">nom_dist</attalias><attrtype Sync="TRUE">String</attrtype><attwidth Sync="TRUE">50</attwidth><atprecis Sync="TRUE">0</atprecis><attscale Sync="TRUE">0</attscale></attr><attr><attrlabl Sync="TRUE">fuente</attrlabl><attalias Sync="TRUE">fuente</attalias><attrtype Sync="TRUE">String</attrtype><attwidth Sync="TRUE">50</attwidth><atprecis Sync="TRUE">0</atprecis><attscale Sync="TRUE">0</attscale></attr><attr><attrlabl Sync="TRUE">fecha_doc</attrlabl><attalias Sync="TRUE">fecha_doc</attalias><attrtype Sync="TRUE">Date</attrtype><attwidth Sync="TRUE">8</attwidth><atprecis Sync="TRUE">0</atprecis><attscale Sync="TRUE">0</attscale></attr><attr><attrlabl Sync="TRUE">nom_predio</attrlabl><attalias Sync="TRUE">nom_predio</attalias><attrtype Sync="TRUE">String</attrtype><attwidth Sync="TRUE">50</attwidth><atprecis Sync="TRUE">0</atprecis><attscale Sync="TRUE">0</attscale></attr><attr><attrlabl Sync="TRUE">bdcenepred_informacion_compleme</attrlabl><attalias Sync="TRUE">bdcenepred.informacion_complementaria.zonas_riesgo_no_mitigables.area</attalias><attrtype Sync="TRUE">Double</attrtype><attwidth Sync="TRUE">8</attwidth><atprecis Sync="TRUE">38</atprecis><attscale Sync="TRUE">8</attscale></attr><attr><attrlabl Sync="TRUE">part_regis</attrlabl><attalias Sync="TRUE">part_regis</attalias><attrtype Sync="TRUE">String</attrtype><attwidth Sync="TRUE">50</attwidth><atprecis Sync="TRUE">0</atprecis><attscale Sync="TRUE">0</attscale></attr><attr><attrlabl Sync="TRUE">of_regist</attrlabl><attalias Sync="TRUE">of_regist</attalias><attrtype Sync="TRUE">String</attrtype><attwidth Sync="TRUE">50</attwidth><atprecis Sync="TRUE">0</atprecis><attscale Sync="TRUE">0</attscale></attr><attr><attrlabl Sync="TRUE">fuente_log</attrlabl><attalias Sync="TRUE">fuente_log</attalias><attrtype Sync="TRUE">String</attrtype><attwidth Sync="TRUE">50</attwidth><atprecis Sync="TRUE">0</atprecis><attscale Sync="TRUE">0</attscale></attr><attr><attrlabl Sync="TRUE">fecha_act</attrlabl><attalias Sync="TRUE">fecha_act</attalias><attrtype Sync="TRUE">Date</attrtype><attwidth Sync="TRUE">8</attwidth><atprecis Sync="TRUE">0</atprecis><attscale Sync="TRUE">0</attscale></attr><attr><attrlabl Sync="TRUE">url</attrlabl><attalias Sync="TRUE">url</attalias><attrtype Sync="TRUE">String</attrtype><attwidth Sync="TRUE">250</attwidth><atprecis Sync="TRUE">0</atprecis><attscale Sync="TRUE">0</attscale></attr><attr><attrlabl Sync="TRUE">url_img</attrlabl><attalias Sync="TRUE">url_img</attalias><attrtype Sync="TRUE">String</attrtype><attwidth Sync="TRUE">250</attwidth><atprecis Sync="TRUE">0</atprecis><attscale Sync="TRUE">0</attscale></attr><attr><attrlabl Sync="TRUE">descrip</attrlabl><attalias Sync="TRUE">descrip</attalias><attrtype Sync="TRUE">String</attrtype><attwidth Sync="TRUE">200</attwidth><atprecis Sync="TRUE">0</atprecis><attscale Sync="TRUE">0</attscale></attr><attr><attrlabl Sync="TRUE">observ</attrlabl><attalias Sync="TRUE">observ</attalias><attrtype Sync="TRUE">String</attrtype><attwidth Sync="TRUE">250</attwidth><atprecis Sync="TRUE">0</atprecis><attscale Sync="TRUE">0</attscale></attr><attr><attrlabl Sync="TRUE">operador</attrlabl><attalias Sync="TRUE">operador</attalias><attrtype Sync="TRUE">String</attrtype><attwidth Sync="TRUE">15</attwidth><atprecis Sync="TRUE">0</atprecis><attscale Sync="TRUE">0</attscale></attr><attr><attrlabl Sync="TRUE">url1</attrlabl><attalias Sync="TRUE">url1</attalias><attrtype Sync="TRUE">String</attrtype><attwidth Sync="TRUE">300</attwidth><atprecis Sync="TRUE">0</atprecis><attscale Sync="TRUE">0</attscale></attr><attr><attrlabl Sync="TRUE">url_img1</attrlabl><attalias Sync="TRUE">url_img1</attalias><attrtype Sync="TRUE">String</attrtype><attwidth Sync="TRUE">300</attwidth><atprecis Sync="TRUE">0</atprecis><attscale Sync="TRUE">0</attscale></attr><attr><attrlabl Sync="TRUE">condicion</attrlabl><attalias Sync="TRUE">condicion</attalias><attrtype Sync="TRUE">String</attrtype><attwidth Sync="TRUE">25</attwidth><atprecis Sync="TRUE">0</atprecis><attscale Sync="TRUE">0</attscale></attr><attr><attrlabl Sync="TRUE">Id</attrlabl><attalias Sync="TRUE">Id</attalias><attrtype Sync="TRUE">Integer</attrtype><attwidth Sync="TRUE">4</attwidth><atprecis Sync="TRUE">10</atprecis><attscale Sync="TRUE">0</attscale></attr><attr><attrlabl Sync="TRUE">st_area(shape)</attrlabl><attalias Sync="TRUE">st_area(shape)</attalias><attrtype Sync="TRUE">Double</attrtype><attwidth Sync="TRUE">0</attwidth><atprecis Sync="TRUE">0</atprecis><attscale Sync="TRUE">0</attscale></attr><attr><attrlabl Sync="TRUE">st_length(shape)</attrlabl><attalias Sync="TRUE">st_length(shape)</attalias><attrtype Sync="TRUE">Double</attrtype><attwidth Sync="TRUE">0</attwidth><atprecis Sync="TRUE">0</atprecis><attscale Sync="TRUE">0</attscale></attr></detailed></eainfo><mdDateSt Sync="TRUE">20200312</mdDateSt></metadata>
